{
  "StoredRepositories": [
    {
      "Name": "GeometryDashPlus-Addons",
      "Owner": "TheRealCrastWasTaken",
      "RepositoryContents": [
        {
          "Name": "Avenna Texture Pack",
          "Path": "Avenna Texture Pack"
        },
        {
          "Name": "Dark Mode Texture Pack",
          "Path": "Dark Mode Texture Pack"
        },
        {
          "Name": "Dorami Texture Pack",
          "Path": "Dorami Texture Pack"
        },
        {
          "Name": "Juniper Texture Pack",
          "Path": "Juniper Texture Pack"
        },
        {
          "Name": "No Particles Pack",
          "Path": "No Particles Pack"
        },
        {
          "Name": "Skinny Wave",
          "Path": "Skinny Wave"
        }
      ]
    }
  ]
}